[
{
  "model": "service_development.voicelabel",
  "pk": 1,
  "fields": {
    "name": "Dutch language",
    "description": "Nederlandse taal"
  }
},
{
  "model": "service_development.voicelabel",
  "pk": 2,
  "fields": {
    "name": "General error message",
    "description": ""
  }
},
{
  "model": "service_development.voicelabel",
  "pk": 3,
  "fields": {
    "name": "This is the truth",
    "description": ""
  }
},
{
  "model": "service_development.voicelabel",
  "pk": 4,
  "fields": {
    "name": "English language",
    "description": ""
  }
},
{
  "model": "service_development.voicelabel",
  "pk": 5,
  "fields": {
    "name": "Thank you for using this service",
    "description": ""
  }
},
{
  "model": "service_development.voicelabel",
  "pk": 6,
  "fields": {
    "name": "Wow, it must be a really boring guy!",
    "description": ""
  }
},
{
  "model": "service_development.voicelabel",
  "pk": 7,
  "fields": {
    "name": "French language",
    "description": ""
  }
},
{
  "model": "service_development.voicelabel",
  "pk": 8,
  "fields": {
    "name": "Please select your language",
    "description": ""
  }
},
{
  "model": "service_development.voicelabel",
  "pk": 9,
  "fields": {
    "name": "Pre Choice Option",
    "description": ""
  }
},
{
  "model": "service_development.voicelabel",
  "pk": 10,
  "fields": {
    "name": "Post Choice Option",
    "description": ""
  }
},
{
  "model": "service_development.voicelabel",
  "pk": 11,
  "fields": {
    "name": "One",
    "description": ""
  }
},
{
  "model": "service_development.voicelabel",
  "pk": 12,
  "fields": {
    "name": "Two",
    "description": ""
  }
},
{
  "model": "service_development.voicelabel",
  "pk": 13,
  "fields": {
    "name": "Three",
    "description": ""
  }
},
{
  "model": "service_development.voicelabel",
  "pk": 14,
  "fields": {
    "name": "Four",
    "description": ""
  }
},
{
  "model": "service_development.voicelabel",
  "pk": 15,
  "fields": {
    "name": "Five",
    "description": ""
  }
},
{
  "model": "service_development.voicelabel",
  "pk": 16,
  "fields": {
    "name": "Six",
    "description": ""
  }
},
{
  "model": "service_development.voicelabel",
  "pk": 17,
  "fields": {
    "name": "Seven",
    "description": ""
  }
},
{
  "model": "service_development.voicelabel",
  "pk": 18,
  "fields": {
    "name": "Eight",
    "description": ""
  }
},
{
  "model": "service_development.voicelabel",
  "pk": 19,
  "fields": {
    "name": "Nine",
    "description": ""
  }
},
{
  "model": "service_development.voicelabel",
  "pk": 20,
  "fields": {
    "name": "Zero",
    "description": ""
  }
},
{
  "model": "service_development.voicelabel",
  "pk": 21,
  "fields": {
    "name": "Yes",
    "description": ""
  }
},
{
  "model": "service_development.voicelabel",
  "pk": 22,
  "fields": {
    "name": "No",
    "description": ""
  }
},
{
  "model": "service_development.voicelabel",
  "pk": 23,
  "fields": {
    "name": "Does the king like to drink beer?",
    "description": ""
  }
},
{
  "model": "service_development.voicelabel",
  "pk": 25,
  "fields": {
    "name": "Please speak your message",
    "description": ""
  }
},
{
  "model": "service_development.voicelabel",
  "pk": 108,
  "fields": {
    "name": "welcome",
    "description": null
  }
},
{
  "model": "service_development.voicelabel",
  "pk": 109,
  "fields": {
    "name": "category",
    "description": null
  }
},
{
  "model": "service_development.voicelabel",
  "pk": 110,
  "fields": {
    "name": "transport",
    "description": null
  }
},
{
  "model": "service_development.voicelabel",
  "pk": 111,
  "fields": {
    "name": "milling_devices",
    "description": null
  }
},
{
  "model": "service_development.voicelabel",
  "pk": 112,
  "fields": {
    "name": "storage",
    "description": null
  }
},
{
  "model": "service_development.voicelabel",
  "pk": 113,
  "fields": {
    "name": "to_continue",
    "description": null
  }
},
{
  "model": "service_development.voicelabel",
  "pk": 114,
  "fields": {
    "name": "choose_differently",
    "description": null
  }
},
{
  "model": "service_development.voicelabel",
  "pk": 115,
  "fields": {
    "name": "you_selected",
    "description": null
  }
},
{
  "model": "service_development.voicelabel",
  "pk": 116,
  "fields": {
    "name": "hear_offers",
    "description": null
  }
},
{
  "model": "service_development.voicelabel",
  "pk": 117,
  "fields": {
    "name": "select_offers",
    "description": null
  }
},
{
  "model": "service_development.voicelabel",
  "pk": 118,
  "fields": {
    "name": "contact_user",
    "description": null
  }
},
{
  "model": "service_development.voicelabel",
  "pk": 119,
  "fields": {
    "name": "phonenumber1",
    "description": null
  }
},
{
  "model": "service_development.voicelabel",
  "pk": 120,
  "fields": {
    "name": "transport1",
    "description": null
  }
},
{
  "model": "service_development.voicelabel",
  "pk": 121,
  "fields": {
    "name": "transport2",
    "description": null
  }
},
{
  "model": "service_development.voicelabel",
  "pk": 122,
  "fields": {
    "name": "transport3",
    "description": null
  }
},
{
  "model": "service_development.voicelabel",
  "pk": 123,
  "fields": {
    "name": "milling_device1",
    "description": null
  }
},
{
  "model": "service_development.voicelabel",
  "pk": 124,
  "fields": {
    "name": "milling_device2",
    "description": null
  }
},
{
  "model": "service_development.voicelabel",
  "pk": 125,
  "fields": {
    "name": "milling_device3",
    "description": null
  }
},
{
  "model": "service_development.voicelabel",
  "pk": 126,
  "fields": {
    "name": "storage1",
    "description": null
  }
},
{
  "model": "service_development.voicelabel",
  "pk": 127,
  "fields": {
    "name": "storage2",
    "description": null
  }
},
{
  "model": "service_development.voicelabel",
  "pk": 128,
  "fields": {
    "name": "storage3",
    "description": null
  }
},
{
  "model": "service_development.voicelabel",
  "pk": 129,
  "fields": {
    "name": "selected_storage",
    "description": null
  }
},
{
  "model": "service_development.voicelabel",
  "pk": 130,
  "fields": {
    "name": "selected_milling_devices",
    "description": null
  }
},
{
  "model": "service_development.voicelabel",
  "pk": 131,
  "fields": {
    "name": "selected_transport",
    "description": null
  }
},
{
  "model": "service_development.voicelabel",
  "pk": 132,
  "fields": {
    "name": "region_kayes",
    "description": null
  }
},
{
  "model": "service_development.voicelabel",
  "pk": 133,
  "fields": {
    "name": "region_koulikoro",
    "description": null
  }
},
{
  "model": "service_development.voicelabel",
  "pk": 134,
  "fields": {
    "name": "region_sikasso",
    "description": null
  }
},
{
  "model": "service_development.voicelabel",
  "pk": 135,
  "fields": {
    "name": "region_segou",
    "description": null
  }
},
{
  "model": "service_development.voicelabel",
  "pk": 136,
  "fields": {
    "name": "region_mopti",
    "description": null
  }
},
{
  "model": "service_development.voicelabel",
  "pk": 137,
  "fields": {
    "name": "region_tombouctou",
    "description": null
  }
},
{
  "model": "service_development.voicelabel",
  "pk": 138,
  "fields": {
    "name": "region_gao",
    "description": null
  }
},
{
  "model": "service_development.voicelabel",
  "pk": 139,
  "fields": {
    "name": "region_kidal",
    "description": null
  }
},
{
  "model": "service_development.voicelabel",
  "pk": 140,
  "fields": {
    "name": "region_taoudenit",
    "description": null
  }
},
{
  "model": "service_development.voicelabel",
  "pk": 141,
  "fields": {
    "name": "region_menaka",
    "description": null
  }
},
{
  "model": "service_development.voicelabel",
  "pk": 142,
  "fields": {
    "name": "choose_region",
    "description": null
  }
},
{
  "model": "service_development.voicelabel",
  "pk": 143,
  "fields": {
    "name": "choose_offer_or_request",
    "description": null
  }
},
{
  "model": "service_development.voicelabel",
  "pk": 144,
  "fields": {
    "name": "choose_offer",
    "description": null
  }
},
{
  "model": "service_development.voicelabel",
  "pk": 145,
  "fields": {
    "name": "choose_request",
    "description": null
  }
},
{
  "model": "service_development.voicelabel",
  "pk": 146,
  "fields": {
    "name": "pre_offers",
    "description": null
  }
},
{
  "model": "service_development.voicelabel",
  "pk": 147,
  "fields": {
    "name": "post_offers",
    "description": null
  }
},
{
  "model": "service_development.voicelabel",
  "pk": 148,
  "fields": {
    "name": "pre_offer_voice",
    "description": null
  }
},
{
  "model": "service_development.voicelabel",
  "pk": 149,
  "fields": {
    "name": "post_offer_voice",
    "description": null
  }
},
{
  "model": "service_development.language",
  "pk": 1,
  "fields": {
    "name": "Nederlands",
    "code": "nl",
    "voice_label": 1,
    "error_message": 2,
    "select_language": 8,
    "pre_choice_option": 9,
    "post_choice_option": 10,
    "one": 11,
    "two": 12,
    "three": 13,
    "four": 14,
    "five": 15,
    "six": 16,
    "seven": 17,
    "eight": 18,
    "nine": 19,
    "zero": 20
  }
},
{
  "model": "service_development.language",
  "pk": 2,
  "fields": {
    "name": "English",
    "code": "en",
    "voice_label": 4,
    "error_message": 2,
    "select_language": 8,
    "pre_choice_option": 9,
    "post_choice_option": 10,
    "one": 11,
    "two": 12,
    "three": 13,
    "four": 14,
    "five": 15,
    "six": 16,
    "seven": 17,
    "eight": 18,
    "nine": 19,
    "zero": 20
  }
},
{
  "model": "service_development.language",
  "pk": 3,
  "fields": {
    "name": "Francais",
    "code": "fr",
    "voice_label": 7,
    "error_message": 2,
    "select_language": 8,
    "pre_choice_option": 9,
    "post_choice_option": 10,
    "one": 11,
    "two": 12,
    "three": 13,
    "four": 14,
    "five": 15,
    "six": 16,
    "seven": 17,
    "eight": 18,
    "nine": 19,
    "zero": 20
  }
},
{
  "model": "service_development.voicefragment",
  "pk": 1,
  "fields": {
    "parent": 6,
    "language": 2,
    "audio": "boring_guy_en.wav"
  }
},
{
  "model": "service_development.voicefragment",
  "pk": 2,
  "fields": {
    "parent": 6,
    "language": 1,
    "audio": "boring_guy_nl.wav"
  }
},
{
  "model": "service_development.voicefragment",
  "pk": 6,
  "fields": {
    "parent": 22,
    "language": 1,
    "audio": "no_nl.wav"
  }
},
{
  "model": "service_development.voicefragment",
  "pk": 7,
  "fields": {
    "parent": 22,
    "language": 2,
    "audio": "no_en.wav"
  }
},
{
  "model": "service_development.voicefragment",
  "pk": 8,
  "fields": {
    "parent": 22,
    "language": 3,
    "audio": "no_fr.wav"
  }
},
{
  "model": "service_development.voicefragment",
  "pk": 9,
  "fields": {
    "parent": 21,
    "language": 1,
    "audio": "yes_nl.wav"
  }
},
{
  "model": "service_development.voicefragment",
  "pk": 10,
  "fields": {
    "parent": 21,
    "language": 2,
    "audio": "yes_en.wav"
  }
},
{
  "model": "service_development.voicefragment",
  "pk": 11,
  "fields": {
    "parent": 21,
    "language": 3,
    "audio": "yes_fr.wav"
  }
},
{
  "model": "service_development.voicefragment",
  "pk": 12,
  "fields": {
    "parent": 20,
    "language": 1,
    "audio": "0_nl.wav"
  }
},
{
  "model": "service_development.voicefragment",
  "pk": 13,
  "fields": {
    "parent": 20,
    "language": 2,
    "audio": "0_en.wav"
  }
},
{
  "model": "service_development.voicefragment",
  "pk": 14,
  "fields": {
    "parent": 20,
    "language": 3,
    "audio": "0_fr.wav"
  }
},
{
  "model": "service_development.voicefragment",
  "pk": 15,
  "fields": {
    "parent": 19,
    "language": 1,
    "audio": "9_nl.wav"
  }
},
{
  "model": "service_development.voicefragment",
  "pk": 16,
  "fields": {
    "parent": 19,
    "language": 2,
    "audio": "9_fr.wav"
  }
},
{
  "model": "service_development.voicefragment",
  "pk": 17,
  "fields": {
    "parent": 19,
    "language": 3,
    "audio": "9_en.wav"
  }
},
{
  "model": "service_development.voicefragment",
  "pk": 18,
  "fields": {
    "parent": 18,
    "language": 1,
    "audio": "8_nl.wav"
  }
},
{
  "model": "service_development.voicefragment",
  "pk": 19,
  "fields": {
    "parent": 18,
    "language": 2,
    "audio": "8_en.wav"
  }
},
{
  "model": "service_development.voicefragment",
  "pk": 20,
  "fields": {
    "parent": 18,
    "language": 3,
    "audio": "8_fr.wav"
  }
},
{
  "model": "service_development.voicefragment",
  "pk": 21,
  "fields": {
    "parent": 17,
    "language": 1,
    "audio": "7_nl.wav"
  }
},
{
  "model": "service_development.voicefragment",
  "pk": 22,
  "fields": {
    "parent": 17,
    "language": 2,
    "audio": "7_en.wav"
  }
},
{
  "model": "service_development.voicefragment",
  "pk": 23,
  "fields": {
    "parent": 17,
    "language": 3,
    "audio": "7_fr.wav"
  }
},
{
  "model": "service_development.voicefragment",
  "pk": 24,
  "fields": {
    "parent": 16,
    "language": 1,
    "audio": "6_nl.wav"
  }
},
{
  "model": "service_development.voicefragment",
  "pk": 25,
  "fields": {
    "parent": 16,
    "language": 2,
    "audio": "6_en.wav"
  }
},
{
  "model": "service_development.voicefragment",
  "pk": 26,
  "fields": {
    "parent": 16,
    "language": 3,
    "audio": "6_fr.wav"
  }
},
{
  "model": "service_development.voicefragment",
  "pk": 27,
  "fields": {
    "parent": 15,
    "language": 1,
    "audio": "5_nl.wav"
  }
},
{
  "model": "service_development.voicefragment",
  "pk": 28,
  "fields": {
    "parent": 15,
    "language": 2,
    "audio": "5_en.wav"
  }
},
{
  "model": "service_development.voicefragment",
  "pk": 29,
  "fields": {
    "parent": 15,
    "language": 3,
    "audio": "5_fr.wav"
  }
},
{
  "model": "service_development.voicefragment",
  "pk": 30,
  "fields": {
    "parent": 14,
    "language": 1,
    "audio": "4_nl.wav"
  }
},
{
  "model": "service_development.voicefragment",
  "pk": 31,
  "fields": {
    "parent": 14,
    "language": 2,
    "audio": "4_fr.wav"
  }
},
{
  "model": "service_development.voicefragment",
  "pk": 32,
  "fields": {
    "parent": 14,
    "language": 3,
    "audio": "4_en.wav"
  }
},
{
  "model": "service_development.voicefragment",
  "pk": 33,
  "fields": {
    "parent": 13,
    "language": 1,
    "audio": "3_nl.wav"
  }
},
{
  "model": "service_development.voicefragment",
  "pk": 34,
  "fields": {
    "parent": 13,
    "language": 2,
    "audio": "3_en.wav"
  }
},
{
  "model": "service_development.voicefragment",
  "pk": 35,
  "fields": {
    "parent": 13,
    "language": 3,
    "audio": "3_fr.wav"
  }
},
{
  "model": "service_development.voicefragment",
  "pk": 36,
  "fields": {
    "parent": 12,
    "language": 1,
    "audio": "2_nl.wav"
  }
},
{
  "model": "service_development.voicefragment",
  "pk": 37,
  "fields": {
    "parent": 12,
    "language": 2,
    "audio": "2_en.wav"
  }
},
{
  "model": "service_development.voicefragment",
  "pk": 38,
  "fields": {
    "parent": 12,
    "language": 3,
    "audio": "2_fr.wav"
  }
},
{
  "model": "service_development.voicefragment",
  "pk": 39,
  "fields": {
    "parent": 11,
    "language": 1,
    "audio": "1_nl.wav"
  }
},
{
  "model": "service_development.voicefragment",
  "pk": 40,
  "fields": {
    "parent": 11,
    "language": 2,
    "audio": "1_en.wav"
  }
},
{
  "model": "service_development.voicefragment",
  "pk": 41,
  "fields": {
    "parent": 11,
    "language": 3,
    "audio": "1_fr.wav"
  }
},
{
  "model": "service_development.voicefragment",
  "pk": 42,
  "fields": {
    "parent": 10,
    "language": 1,
    "audio": "post_choice_option_nl.wav"
  }
},
{
  "model": "service_development.voicefragment",
  "pk": 43,
  "fields": {
    "parent": 10,
    "language": 2,
    "audio": "post_choice_option_en.wav"
  }
},
{
  "model": "service_development.voicefragment",
  "pk": 44,
  "fields": {
    "parent": 10,
    "language": 3,
    "audio": "post_choice_option_fr.wav"
  }
},
{
  "model": "service_development.voicefragment",
  "pk": 45,
  "fields": {
    "parent": 9,
    "language": 1,
    "audio": "pre_choice_option_nl.wav"
  }
},
{
  "model": "service_development.voicefragment",
  "pk": 46,
  "fields": {
    "parent": 9,
    "language": 2,
    "audio": "pre_choice_option_en.wav"
  }
},
{
  "model": "service_development.voicefragment",
  "pk": 47,
  "fields": {
    "parent": 9,
    "language": 3,
    "audio": "pre_choice_option_fr.wav"
  }
},
{
  "model": "service_development.voicefragment",
  "pk": 48,
  "fields": {
    "parent": 8,
    "language": 1,
    "audio": "select_language_nl.wav"
  }
},
{
  "model": "service_development.voicefragment",
  "pk": 49,
  "fields": {
    "parent": 8,
    "language": 2,
    "audio": "select_language_en.wav"
  }
},
{
  "model": "service_development.voicefragment",
  "pk": 50,
  "fields": {
    "parent": 8,
    "language": 3,
    "audio": "select_language_fr.wav"
  }
},
{
  "model": "service_development.voicefragment",
  "pk": 51,
  "fields": {
    "parent": 7,
    "language": 1,
    "audio": "french_nl.wav"
  }
},
{
  "model": "service_development.voicefragment",
  "pk": 52,
  "fields": {
    "parent": 7,
    "language": 2,
    "audio": "french_en.wav"
  }
},
{
  "model": "service_development.voicefragment",
  "pk": 53,
  "fields": {
    "parent": 7,
    "language": 3,
    "audio": "french_fr.wav"
  }
},
{
  "model": "service_development.voicefragment",
  "pk": 54,
  "fields": {
    "parent": 6,
    "language": 3,
    "audio": "boring_guy_fr.wav"
  }
},
{
  "model": "service_development.voicefragment",
  "pk": 55,
  "fields": {
    "parent": 5,
    "language": 1,
    "audio": "thank_you_for_using_nl.wav"
  }
},
{
  "model": "service_development.voicefragment",
  "pk": 56,
  "fields": {
    "parent": 5,
    "language": 2,
    "audio": "thank_you_for_using_en.wav"
  }
},
{
  "model": "service_development.voicefragment",
  "pk": 57,
  "fields": {
    "parent": 5,
    "language": 3,
    "audio": "thank_you_for_using_fr.wav"
  }
},
{
  "model": "service_development.voicefragment",
  "pk": 58,
  "fields": {
    "parent": 4,
    "language": 1,
    "audio": "english_nl.wav"
  }
},
{
  "model": "service_development.voicefragment",
  "pk": 59,
  "fields": {
    "parent": 4,
    "language": 2,
    "audio": "english_en.wav"
  }
},
{
  "model": "service_development.voicefragment",
  "pk": 60,
  "fields": {
    "parent": 4,
    "language": 3,
    "audio": "english_fr.wav"
  }
},
{
  "model": "service_development.voicefragment",
  "pk": 61,
  "fields": {
    "parent": 3,
    "language": 1,
    "audio": "truth_nl.wav"
  }
},
{
  "model": "service_development.voicefragment",
  "pk": 62,
  "fields": {
    "parent": 3,
    "language": 2,
    "audio": "truth_en.wav"
  }
},
{
  "model": "service_development.voicefragment",
  "pk": 63,
  "fields": {
    "parent": 3,
    "language": 3,
    "audio": "truth_fr.wav"
  }
},
{
  "model": "service_development.voicefragment",
  "pk": 64,
  "fields": {
    "parent": 2,
    "language": 1,
    "audio": "error_nl.wav"
  }
},
{
  "model": "service_development.voicefragment",
  "pk": 65,
  "fields": {
    "parent": 2,
    "language": 2,
    "audio": "error_en.wav"
  }
},
{
  "model": "service_development.voicefragment",
  "pk": 66,
  "fields": {
    "parent": 2,
    "language": 3,
    "audio": "error_fr.wav"
  }
},
{
  "model": "service_development.voicefragment",
  "pk": 67,
  "fields": {
    "parent": 1,
    "language": 1,
    "audio": "dutch_nl.wav"
  }
},
{
  "model": "service_development.voicefragment",
  "pk": 68,
  "fields": {
    "parent": 1,
    "language": 2,
    "audio": "dutch_en.wav"
  }
},
{
  "model": "service_development.voicefragment",
  "pk": 69,
  "fields": {
    "parent": 1,
    "language": 3,
    "audio": "dutch_fr.wav"
  }
},
{
  "model": "service_development.voicefragment",
  "pk": 70,
  "fields": {
    "parent": 23,
    "language": 1,
    "audio": "king_question_nl.wav"
  }
},
{
  "model": "service_development.voicefragment",
  "pk": 71,
  "fields": {
    "parent": 23,
    "language": 2,
    "audio": "king_question_en.wav"
  }
},
{
  "model": "service_development.voicefragment",
  "pk": 72,
  "fields": {
    "parent": 23,
    "language": 3,
    "audio": "king_question_fr.wav"
  }
},
{
  "model": "service_development.voicefragment",
  "pk": 74,
  "fields": {
    "parent": 25,
    "language": 3,
    "audio": "speakYourMessage.wav"
  }
},
{
  "model": "service_development.voicefragment",
  "pk": 153,
  "fields": {
    "parent": 108,
    "language": 2,
    "audio": "welcome_en.wav"
  }
},
{
  "model": "service_development.voicefragment",
  "pk": 154,
  "fields": {
    "parent": 109,
    "language": 2,
    "audio": "category_en.wav"
  }
},
{
  "model": "service_development.voicefragment",
  "pk": 155,
  "fields": {
    "parent": 108,
    "language": 2,
    "audio": "lol"
  }
},
{
  "model": "service_development.voicefragment",
  "pk": 156,
  "fields": {
    "parent": 108,
    "language": 2,
    "audio": ""
  }
},
{
  "model": "service_development.voicefragment",
  "pk": 157,
  "fields": {
    "parent": 110,
    "language": 2,
    "audio": "transport_en.wav"
  }
},
{
  "model": "service_development.voicefragment",
  "pk": 158,
  "fields": {
    "parent": 110,
    "language": 3,
    "audio": "transport_fr.wav"
  }
},
{
  "model": "service_development.voicefragment",
  "pk": 159,
  "fields": {
    "parent": 111,
    "language": 2,
    "audio": "milling_devices_en.wav"
  }
},
{
  "model": "service_development.voicefragment",
  "pk": 160,
  "fields": {
    "parent": 111,
    "language": 3,
    "audio": "milling_devices_fr.wav"
  }
},
{
  "model": "service_development.voicefragment",
  "pk": 161,
  "fields": {
    "parent": 112,
    "language": 2,
    "audio": "storage_en.wav"
  }
},
{
  "model": "service_development.voicefragment",
  "pk": 162,
  "fields": {
    "parent": 112,
    "language": 3,
    "audio": "storage_fr.wav"
  }
},
{
  "model": "service_development.voicefragment",
  "pk": 163,
  "fields": {
    "parent": 113,
    "language": 2,
    "audio": "to_continue_en.wav"
  }
},
{
  "model": "service_development.voicefragment",
  "pk": 164,
  "fields": {
    "parent": 113,
    "language": 3,
    "audio": "to_continue_fr.wav"
  }
},
{
  "model": "service_development.voicefragment",
  "pk": 165,
  "fields": {
    "parent": 114,
    "language": 2,
    "audio": "choose_differently_en.wav"
  }
},
{
  "model": "service_development.voicefragment",
  "pk": 166,
  "fields": {
    "parent": 114,
    "language": 3,
    "audio": "choose_differently_fr.wav"
  }
},
{
  "model": "service_development.voicefragment",
  "pk": 167,
  "fields": {
    "parent": 115,
    "language": 2,
    "audio": "you_selected_en.wav"
  }
},
{
  "model": "service_development.voicefragment",
  "pk": 168,
  "fields": {
    "parent": 115,
    "language": 3,
    "audio": "you_selected_fr.wav"
  }
},
{
  "model": "service_development.voicefragment",
  "pk": 169,
  "fields": {
    "parent": 116,
    "language": 2,
    "audio": "hear_offers_en.wav"
  }
},
{
  "model": "service_development.voicefragment",
  "pk": 170,
  "fields": {
    "parent": 116,
    "language": 3,
    "audio": "hear_offers_fr.wav"
  }
},
{
  "model": "service_development.voicefragment",
  "pk": 171,
  "fields": {
    "parent": 117,
    "language": 2,
    "audio": "select_offers_en.wav"
  }
},
{
  "model": "service_development.voicefragment",
  "pk": 172,
  "fields": {
    "parent": 117,
    "language": 3,
    "audio": "select_offers_fr.wav"
  }
},
{
  "model": "service_development.voicefragment",
  "pk": 173,
  "fields": {
    "parent": 118,
    "language": 2,
    "audio": "contact_user_en.wav"
  }
},
{
  "model": "service_development.voicefragment",
  "pk": 174,
  "fields": {
    "parent": 118,
    "language": 3,
    "audio": "contact_user_fr.wav"
  }
},
{
  "model": "service_development.voicefragment",
  "pk": 175,
  "fields": {
    "parent": 119,
    "language": 2,
    "audio": "phonenumber1_en.wav"
  }
},
{
  "model": "service_development.voicefragment",
  "pk": 176,
  "fields": {
    "parent": 119,
    "language": 3,
    "audio": "phonenumber1_fr.wav"
  }
},
{
  "model": "service_development.voicefragment",
  "pk": 177,
  "fields": {
    "parent": 120,
    "language": 2,
    "audio": "transport1_en.wav"
  }
},
{
  "model": "service_development.voicefragment",
  "pk": 178,
  "fields": {
    "parent": 120,
    "language": 3,
    "audio": "transport1_fr.wav"
  }
},
{
  "model": "service_development.voicefragment",
  "pk": 179,
  "fields": {
    "parent": 121,
    "language": 2,
    "audio": "transport2_en.wav"
  }
},
{
  "model": "service_development.voicefragment",
  "pk": 180,
  "fields": {
    "parent": 121,
    "language": 3,
    "audio": "transport2_fr.wav"
  }
},
{
  "model": "service_development.voicefragment",
  "pk": 181,
  "fields": {
    "parent": 122,
    "language": 2,
    "audio": "transport3_en.wav"
  }
},
{
  "model": "service_development.voicefragment",
  "pk": 182,
  "fields": {
    "parent": 122,
    "language": 3,
    "audio": "transport3_fr.wav"
  }
},
{
  "model": "service_development.voicefragment",
  "pk": 183,
  "fields": {
    "parent": 123,
    "language": 2,
    "audio": "milling_device1_en.wav"
  }
},
{
  "model": "service_development.voicefragment",
  "pk": 184,
  "fields": {
    "parent": 123,
    "language": 3,
    "audio": "milling_device1_fr.wav"
  }
},
{
  "model": "service_development.voicefragment",
  "pk": 185,
  "fields": {
    "parent": 124,
    "language": 2,
    "audio": "milling_device2_en.wav"
  }
},
{
  "model": "service_development.voicefragment",
  "pk": 186,
  "fields": {
    "parent": 124,
    "language": 3,
    "audio": "milling_device2_fr.wav"
  }
},
{
  "model": "service_development.voicefragment",
  "pk": 187,
  "fields": {
    "parent": 125,
    "language": 2,
    "audio": "milling_device3_en.wav"
  }
},
{
  "model": "service_development.voicefragment",
  "pk": 188,
  "fields": {
    "parent": 125,
    "language": 3,
    "audio": "milling_device3_fr.wav"
  }
},
{
  "model": "service_development.voicefragment",
  "pk": 189,
  "fields": {
    "parent": 126,
    "language": 2,
    "audio": "storage1_en.wav"
  }
},
{
  "model": "service_development.voicefragment",
  "pk": 190,
  "fields": {
    "parent": 126,
    "language": 3,
    "audio": "storage1_fr.wav"
  }
},
{
  "model": "service_development.voicefragment",
  "pk": 191,
  "fields": {
    "parent": 127,
    "language": 2,
    "audio": "storage2_en.wav"
  }
},
{
  "model": "service_development.voicefragment",
  "pk": 192,
  "fields": {
    "parent": 127,
    "language": 3,
    "audio": "storage2_fr.wav"
  }
},
{
  "model": "service_development.voicefragment",
  "pk": 193,
  "fields": {
    "parent": 128,
    "language": 2,
    "audio": "storage3_en.wav"
  }
},
{
  "model": "service_development.voicefragment",
  "pk": 194,
  "fields": {
    "parent": 128,
    "language": 3,
    "audio": "storage3_fr.wav"
  }
},
{
  "model": "service_development.voicefragment",
  "pk": 195,
  "fields": {
    "parent": 129,
    "language": 2,
    "audio": "selected_storage_en.wav"
  }
},
{
  "model": "service_development.voicefragment",
  "pk": 196,
  "fields": {
    "parent": 129,
    "language": 3,
    "audio": "selected_storage_fr.wav"
  }
},
{
  "model": "service_development.voicefragment",
  "pk": 197,
  "fields": {
    "parent": 130,
    "language": 2,
    "audio": "selected_milling_devices_en.wav"
  }
},
{
  "model": "service_development.voicefragment",
  "pk": 198,
  "fields": {
    "parent": 130,
    "language": 3,
    "audio": "selected_milling_devices_fr.wav"
  }
},
{
  "model": "service_development.voicefragment",
  "pk": 199,
  "fields": {
    "parent": 131,
    "language": 2,
    "audio": "selected_transport_en.wav"
  }
},
{
  "model": "service_development.voicefragment",
  "pk": 200,
  "fields": {
    "parent": 131,
    "language": 3,
    "audio": "selected_transport_fr.wav"
  }
},
{
  "model": "service_development.voicefragment",
  "pk": 201,
  "fields": {
    "parent": 132,
    "language": 2,
    "audio": "region_kayes_en.wav"
  }
},
{
  "model": "service_development.voicefragment",
  "pk": 202,
  "fields": {
    "parent": 132,
    "language": 3,
    "audio": "region_kayes_fr.wav"
  }
},
{
  "model": "service_development.voicefragment",
  "pk": 203,
  "fields": {
    "parent": 133,
    "language": 2,
    "audio": "region_koulikoro_en.wav"
  }
},
{
  "model": "service_development.voicefragment",
  "pk": 204,
  "fields": {
    "parent": 133,
    "language": 3,
    "audio": "region_koulikoro_fr.wav"
  }
},
{
  "model": "service_development.voicefragment",
  "pk": 205,
  "fields": {
    "parent": 134,
    "language": 2,
    "audio": "region_sikasso_en.wav"
  }
},
{
  "model": "service_development.voicefragment",
  "pk": 206,
  "fields": {
    "parent": 134,
    "language": 3,
    "audio": "region_sikasso_fr.wav"
  }
},
{
  "model": "service_development.voicefragment",
  "pk": 207,
  "fields": {
    "parent": 135,
    "language": 2,
    "audio": "region_segou_en.wav"
  }
},
{
  "model": "service_development.voicefragment",
  "pk": 208,
  "fields": {
    "parent": 135,
    "language": 3,
    "audio": "region_segou_fr.wav"
  }
},
{
  "model": "service_development.voicefragment",
  "pk": 209,
  "fields": {
    "parent": 136,
    "language": 2,
    "audio": "region_mopti_en.wav"
  }
},
{
  "model": "service_development.voicefragment",
  "pk": 210,
  "fields": {
    "parent": 136,
    "language": 3,
    "audio": "region_mopti_fr.wav"
  }
},
{
  "model": "service_development.voicefragment",
  "pk": 211,
  "fields": {
    "parent": 137,
    "language": 2,
    "audio": "region_tombouctou_en.wav"
  }
},
{
  "model": "service_development.voicefragment",
  "pk": 212,
  "fields": {
    "parent": 137,
    "language": 3,
    "audio": "region_tombouctou_fr.wav"
  }
},
{
  "model": "service_development.voicefragment",
  "pk": 213,
  "fields": {
    "parent": 138,
    "language": 2,
    "audio": "region_gao_en.wav"
  }
},
{
  "model": "service_development.voicefragment",
  "pk": 214,
  "fields": {
    "parent": 138,
    "language": 3,
    "audio": "region_gao_fr.wav"
  }
},
{
  "model": "service_development.voicefragment",
  "pk": 215,
  "fields": {
    "parent": 139,
    "language": 2,
    "audio": "region_kidal_en.wav"
  }
},
{
  "model": "service_development.voicefragment",
  "pk": 216,
  "fields": {
    "parent": 139,
    "language": 3,
    "audio": "region_kidal_fr.wav"
  }
},
{
  "model": "service_development.voicefragment",
  "pk": 217,
  "fields": {
    "parent": 140,
    "language": 2,
    "audio": "region_taoudenit_en.wav"
  }
},
{
  "model": "service_development.voicefragment",
  "pk": 218,
  "fields": {
    "parent": 140,
    "language": 3,
    "audio": "region_taoudenit_fr.wav"
  }
},
{
  "model": "service_development.voicefragment",
  "pk": 219,
  "fields": {
    "parent": 141,
    "language": 2,
    "audio": "region_menaka_en.wav"
  }
},
{
  "model": "service_development.voicefragment",
  "pk": 220,
  "fields": {
    "parent": 141,
    "language": 3,
    "audio": "region_menaka_fr.wav"
  }
},
{
  "model": "service_development.voicefragment",
  "pk": 221,
  "fields": {
    "parent": 142,
    "language": 2,
    "audio": "choose_region_en.wav"
  }
},
{
  "model": "service_development.voicefragment",
  "pk": 222,
  "fields": {
    "parent": 142,
    "language": 3,
    "audio": "choose_region_fr.wav"
  }
},
{
  "model": "service_development.voicefragment",
  "pk": 223,
  "fields": {
    "parent": 143,
    "language": 2,
    "audio": "choose_offer_or_request_en.wav"
  }
},
{
  "model": "service_development.voicefragment",
  "pk": 224,
  "fields": {
    "parent": 143,
    "language": 3,
    "audio": "choose_offer_or_request_fr.wav"
  }
},
{
  "model": "service_development.voicefragment",
  "pk": 225,
  "fields": {
    "parent": 144,
    "language": 2,
    "audio": "choose_offer_en.wav"
  }
},
{
  "model": "service_development.voicefragment",
  "pk": 226,
  "fields": {
    "parent": 144,
    "language": 3,
    "audio": "choose_offer_fr.wav"
  }
},
{
  "model": "service_development.voicefragment",
  "pk": 227,
  "fields": {
    "parent": 145,
    "language": 2,
    "audio": "choose_request_en.wav"
  }
},
{
  "model": "service_development.voicefragment",
  "pk": 228,
  "fields": {
    "parent": 145,
    "language": 3,
    "audio": "choose_request_fr.wav"
  }
},
{
  "model": "service_development.voicefragment",
  "pk": 229,
  "fields": {
    "parent": 146,
    "language": 2,
    "audio": "pre_offers_en.wav"
  }
},
{
  "model": "service_development.voicefragment",
  "pk": 230,
  "fields": {
    "parent": 146,
    "language": 3,
    "audio": "pre_offers_fr.wav"
  }
},
{
  "model": "service_development.voicefragment",
  "pk": 231,
  "fields": {
    "parent": 147,
    "language": 2,
    "audio": "post_offers_en.wav"
  }
},
{
  "model": "service_development.voicefragment",
  "pk": 232,
  "fields": {
    "parent": 147,
    "language": 3,
    "audio": "post_offers_fr.wav"
  }
},
{
  "model": "service_development.voicefragment",
  "pk": 233,
  "fields": {
    "parent": 148,
    "language": 2,
    "audio": "pre_offer_voice_en.wav"
  }
},
{
  "model": "service_development.voicefragment",
  "pk": 234,
  "fields": {
    "parent": 148,
    "language": 3,
    "audio": "pre_offer_voice_fr.wav"
  }
},
{
  "model": "service_development.voicefragment",
  "pk": 235,
  "fields": {
    "parent": 149,
    "language": 2,
    "audio": "post_offer_voice_en.wav"
  }
},
{
  "model": "service_development.voicefragment",
  "pk": 236,
  "fields": {
    "parent": 149,
    "language": 3,
    "audio": "post_offer_voice_fr.wav"
  }
},
{
  "model": "service_development.voiceservicesubelement",
  "pk": 2,
  "fields": {
    "service": 1,
    "creation_date": "2017-04-23T19:30:23.792Z",
    "modification_date": "2018-02-16T16:42:26.402Z",
    "name": "Does the king like to drink beer?",
    "description": "",
    "voice_label": 23
  }
},
{
  "model": "service_development.voiceservicesubelement",
  "pk": 3,
  "fields": {
    "service": 1,
    "creation_date": "2017-04-23T19:32:07.853Z",
    "modification_date": "2018-01-25T14:35:48.977Z",
    "name": "Yes",
    "description": "King <3's BEER",
    "voice_label": 21
  }
},
{
  "model": "service_development.voiceservicesubelement",
  "pk": 4,
  "fields": {
    "service": 1,
    "creation_date": "2017-04-23T19:32:07.854Z",
    "modification_date": "2018-02-16T16:42:26.405Z",
    "name": "No",
    "description": "",
    "voice_label": 22
  }
},
{
  "model": "service_development.voiceservicesubelement",
  "pk": 5,
  "fields": {
    "service": 1,
    "creation_date": "2017-04-23T19:49:50.055Z",
    "modification_date": "2018-02-16T16:42:51.484Z",
    "name": "This is the truth",
    "description": "",
    "voice_label": 3
  }
},
{
  "model": "service_development.voiceservicesubelement",
  "pk": 6,
  "fields": {
    "service": 1,
    "creation_date": "2017-04-23T21:11:06.805Z",
    "modification_date": "2017-04-23T21:33:29.853Z",
    "name": "Thank you for using this service",
    "description": "",
    "voice_label": 5
  }
},
{
  "model": "service_development.voiceservicesubelement",
  "pk": 7,
  "fields": {
    "service": 1,
    "creation_date": "2017-04-23T21:36:55.756Z",
    "modification_date": "2017-04-23T21:36:55.756Z",
    "name": "King is boring",
    "description": "",
    "voice_label": 6
  }
},
{
  "model": "service_development.voiceservicesubelement",
  "pk": 8,
  "fields": {
    "service": 2,
    "creation_date": "2019-05-01T15:29:00.903Z",
    "modification_date": "2019-05-06T12:34:46.671Z",
    "name": "Welcome",
    "description": "",
    "voice_label": null
  }
},
{
  "model": "service_development.voiceservicesubelement",
  "pk": 9,
  "fields": {
    "service": 2,
    "creation_date": "2019-05-01T15:29:55.825Z",
    "modification_date": "2019-05-01T15:29:58.052Z",
    "name": "Contact user",
    "description": "",
    "voice_label": null
  }
},
{
  "model": "service_development.voiceservicesubelement",
  "pk": 10,
  "fields": {
    "service": 2,
    "creation_date": "2019-05-01T15:31:34.314Z",
    "modification_date": "2019-05-01T15:38:31.226Z",
    "name": "What product would you like?",
    "description": "",
    "voice_label": null
  }
},
{
  "model": "service_development.voiceservicesubelement",
  "pk": 11,
  "fields": {
    "service": 2,
    "creation_date": "2019-05-01T15:31:34.319Z",
    "modification_date": "2019-05-01T15:38:31.229Z",
    "name": "transport",
    "description": "",
    "voice_label": null
  }
},
{
  "model": "service_development.voiceservicesubelement",
  "pk": 12,
  "fields": {
    "service": 2,
    "creation_date": "2019-05-01T15:31:34.321Z",
    "modification_date": "2019-05-01T15:38:31.231Z",
    "name": "milling devices",
    "description": "",
    "voice_label": null
  }
},
{
  "model": "service_development.voiceservicesubelement",
  "pk": 13,
  "fields": {
    "service": 2,
    "creation_date": "2019-05-01T15:31:34.323Z",
    "modification_date": "2019-05-01T15:38:31.233Z",
    "name": "storage",
    "description": "",
    "voice_label": null
  }
},
{
  "model": "service_development.voiceservicesubelement",
  "pk": 14,
  "fields": {
    "service": 2,
    "creation_date": "2019-05-01T15:32:36.450Z",
    "modification_date": "2019-05-03T16:12:20.148Z",
    "name": "continue transport",
    "description": "",
    "voice_label": null
  }
},
{
  "model": "service_development.voiceservicesubelement",
  "pk": 15,
  "fields": {
    "service": 2,
    "creation_date": "2019-05-01T15:32:36.453Z",
    "modification_date": "2019-05-03T16:12:20.152Z",
    "name": "continue",
    "description": "",
    "voice_label": null
  }
},
{
  "model": "service_development.voiceservicesubelement",
  "pk": 16,
  "fields": {
    "service": 2,
    "creation_date": "2019-05-01T15:32:36.456Z",
    "modification_date": "2019-05-01T15:32:36.456Z",
    "name": "go back",
    "description": "",
    "voice_label": null
  }
},
{
  "model": "service_development.voiceservicesubelement",
  "pk": 17,
  "fields": {
    "service": 2,
    "creation_date": "2019-05-01T15:33:29.464Z",
    "modification_date": "2019-05-03T16:11:56.754Z",
    "name": "continue milling devices",
    "description": "",
    "voice_label": null
  }
},
{
  "model": "service_development.voiceservicesubelement",
  "pk": 18,
  "fields": {
    "service": 2,
    "creation_date": "2019-05-01T15:33:29.468Z",
    "modification_date": "2019-05-03T16:11:56.759Z",
    "name": "continue milling",
    "description": "",
    "voice_label": null
  }
},
{
  "model": "service_development.voiceservicesubelement",
  "pk": 19,
  "fields": {
    "service": 2,
    "creation_date": "2019-05-01T15:33:29.471Z",
    "modification_date": "2019-05-01T15:33:29.471Z",
    "name": "go back",
    "description": "",
    "voice_label": null
  }
},
{
  "model": "service_development.voiceservicesubelement",
  "pk": 20,
  "fields": {
    "service": 2,
    "creation_date": "2019-05-01T15:34:25.044Z",
    "modification_date": "2019-05-03T16:11:10.146Z",
    "name": "continue storage",
    "description": "",
    "voice_label": null
  }
},
{
  "model": "service_development.voiceservicesubelement",
  "pk": 21,
  "fields": {
    "service": 2,
    "creation_date": "2019-05-01T15:34:25.047Z",
    "modification_date": "2019-05-03T16:11:10.153Z",
    "name": "continue storage",
    "description": "",
    "voice_label": null
  }
},
{
  "model": "service_development.voiceservicesubelement",
  "pk": 22,
  "fields": {
    "service": 2,
    "creation_date": "2019-05-01T15:34:25.048Z",
    "modification_date": "2019-05-01T15:34:25.048Z",
    "name": "go back",
    "description": "",
    "voice_label": null
  }
},
{
  "model": "service_development.voiceservicesubelement",
  "pk": 23,
  "fields": {
    "service": 2,
    "creation_date": "2019-05-01T15:35:07.564Z",
    "modification_date": "2019-05-01T15:35:33.169Z",
    "name": "offers transport",
    "description": "",
    "voice_label": null
  }
},
{
  "model": "service_development.voiceservicesubelement",
  "pk": 24,
  "fields": {
    "service": 2,
    "creation_date": "2019-05-01T15:35:07.571Z",
    "modification_date": "2019-05-01T15:35:07.571Z",
    "name": "transport1",
    "description": "",
    "voice_label": null
  }
},
{
  "model": "service_development.voiceservicesubelement",
  "pk": 25,
  "fields": {
    "service": 2,
    "creation_date": "2019-05-01T15:35:07.575Z",
    "modification_date": "2019-05-01T15:35:07.575Z",
    "name": "transport2",
    "description": "",
    "voice_label": null
  }
},
{
  "model": "service_development.voiceservicesubelement",
  "pk": 26,
  "fields": {
    "service": 2,
    "creation_date": "2019-05-01T15:35:33.172Z",
    "modification_date": "2019-05-01T15:35:33.172Z",
    "name": "transport3",
    "description": "",
    "voice_label": null
  }
},
{
  "model": "service_development.voiceservicesubelement",
  "pk": 27,
  "fields": {
    "service": 2,
    "creation_date": "2019-05-01T15:36:23.750Z",
    "modification_date": "2019-05-01T15:36:23.750Z",
    "name": "offers milling devices",
    "description": "",
    "voice_label": null
  }
},
{
  "model": "service_development.voiceservicesubelement",
  "pk": 28,
  "fields": {
    "service": 2,
    "creation_date": "2019-05-01T15:36:23.753Z",
    "modification_date": "2019-05-01T15:36:23.754Z",
    "name": "milling1",
    "description": "",
    "voice_label": null
  }
},
{
  "model": "service_development.voiceservicesubelement",
  "pk": 29,
  "fields": {
    "service": 2,
    "creation_date": "2019-05-01T15:36:23.755Z",
    "modification_date": "2019-05-01T15:36:23.755Z",
    "name": "milling2",
    "description": "",
    "voice_label": null
  }
},
{
  "model": "service_development.voiceservicesubelement",
  "pk": 30,
  "fields": {
    "service": 2,
    "creation_date": "2019-05-01T15:36:23.757Z",
    "modification_date": "2019-05-01T15:36:23.757Z",
    "name": "milling3",
    "description": "",
    "voice_label": null
  }
},
{
  "model": "service_development.voiceservicesubelement",
  "pk": 31,
  "fields": {
    "service": 2,
    "creation_date": "2019-05-01T15:37:23.632Z",
    "modification_date": "2019-05-01T15:37:23.632Z",
    "name": "offers storage",
    "description": "",
    "voice_label": null
  }
},
{
  "model": "service_development.voiceservicesubelement",
  "pk": 32,
  "fields": {
    "service": 2,
    "creation_date": "2019-05-01T15:37:23.635Z",
    "modification_date": "2019-05-01T15:37:23.635Z",
    "name": "storage1",
    "description": "",
    "voice_label": null
  }
},
{
  "model": "service_development.voiceservicesubelement",
  "pk": 33,
  "fields": {
    "service": 2,
    "creation_date": "2019-05-01T15:37:23.637Z",
    "modification_date": "2019-05-01T15:37:23.637Z",
    "name": "storage2",
    "description": "",
    "voice_label": null
  }
},
{
  "model": "service_development.voiceservicesubelement",
  "pk": 34,
  "fields": {
    "service": 2,
    "creation_date": "2019-05-01T15:37:23.639Z",
    "modification_date": "2019-05-01T15:37:23.639Z",
    "name": "storage3",
    "description": "",
    "voice_label": null
  }
},
{
  "model": "service_development.voiceservicesubelement",
  "pk": 35,
  "fields": {
    "service": 2,
    "creation_date": "2019-05-03T16:04:46.732Z",
    "modification_date": "2019-05-03T16:05:20.637Z",
    "name": "choice_region_transport",
    "description": "",
    "voice_label": null
  }
},
{
  "model": "service_development.voiceservicesubelement",
  "pk": 36,
  "fields": {
    "service": 2,
    "creation_date": "2019-05-03T16:04:46.739Z",
    "modification_date": "2019-05-03T16:04:46.740Z",
    "name": "gao",
    "description": "",
    "voice_label": null
  }
},
{
  "model": "service_development.voiceservicesubelement",
  "pk": 37,
  "fields": {
    "service": 2,
    "creation_date": "2019-05-03T16:04:46.745Z",
    "modification_date": "2019-05-03T16:04:46.746Z",
    "name": "kayes",
    "description": "",
    "voice_label": null
  }
},
{
  "model": "service_development.voiceservicesubelement",
  "pk": 38,
  "fields": {
    "service": 2,
    "creation_date": "2019-05-03T16:04:46.748Z",
    "modification_date": "2019-05-03T16:04:46.748Z",
    "name": "kidal",
    "description": "",
    "voice_label": null
  }
},
{
  "model": "service_development.voiceservicesubelement",
  "pk": 39,
  "fields": {
    "service": 2,
    "creation_date": "2019-05-03T16:04:46.750Z",
    "modification_date": "2019-05-03T16:04:46.750Z",
    "name": "koulikoro",
    "description": "",
    "voice_label": null
  }
},
{
  "model": "service_development.voiceservicesubelement",
  "pk": 40,
  "fields": {
    "service": 2,
    "creation_date": "2019-05-03T16:04:46.754Z",
    "modification_date": "2019-05-03T16:04:46.754Z",
    "name": "menaka",
    "description": "",
    "voice_label": null
  }
},
{
  "model": "service_development.voiceservicesubelement",
  "pk": 41,
  "fields": {
    "service": 2,
    "creation_date": "2019-05-03T16:04:46.756Z",
    "modification_date": "2019-05-03T16:04:46.756Z",
    "name": "mopti",
    "description": "",
    "voice_label": null
  }
},
{
  "model": "service_development.voiceservicesubelement",
  "pk": 42,
  "fields": {
    "service": 2,
    "creation_date": "2019-05-03T16:04:46.758Z",
    "modification_date": "2019-05-03T16:04:46.758Z",
    "name": "segou",
    "description": "",
    "voice_label": null
  }
},
{
  "model": "service_development.voiceservicesubelement",
  "pk": 43,
  "fields": {
    "service": 2,
    "creation_date": "2019-05-03T16:04:46.759Z",
    "modification_date": "2019-05-03T16:04:46.759Z",
    "name": "sikasso",
    "description": "",
    "voice_label": null
  }
},
{
  "model": "service_development.voiceservicesubelement",
  "pk": 44,
  "fields": {
    "service": 2,
    "creation_date": "2019-05-03T16:04:46.761Z",
    "modification_date": "2019-05-03T16:04:46.761Z",
    "name": "taoudenit",
    "description": "",
    "voice_label": null
  }
},
{
  "model": "service_development.voiceservicesubelement",
  "pk": 45,
  "fields": {
    "service": 2,
    "creation_date": "2019-05-03T16:04:46.763Z",
    "modification_date": "2019-05-03T16:04:46.763Z",
    "name": "tombouctou",
    "description": "",
    "voice_label": null
  }
},
{
  "model": "service_development.voiceservicesubelement",
  "pk": 46,
  "fields": {
    "service": 2,
    "creation_date": "2019-05-03T16:07:50.394Z",
    "modification_date": "2019-05-03T16:07:50.394Z",
    "name": "choice_region_milling",
    "description": "",
    "voice_label": null
  }
},
{
  "model": "service_development.voiceservicesubelement",
  "pk": 47,
  "fields": {
    "service": 2,
    "creation_date": "2019-05-03T16:07:50.397Z",
    "modification_date": "2019-05-03T16:07:50.397Z",
    "name": "gao",
    "description": "",
    "voice_label": null
  }
},
{
  "model": "service_development.voiceservicesubelement",
  "pk": 48,
  "fields": {
    "service": 2,
    "creation_date": "2019-05-03T16:07:50.399Z",
    "modification_date": "2019-05-03T16:07:50.399Z",
    "name": "kayes",
    "description": "",
    "voice_label": null
  }
},
{
  "model": "service_development.voiceservicesubelement",
  "pk": 49,
  "fields": {
    "service": 2,
    "creation_date": "2019-05-03T16:07:50.403Z",
    "modification_date": "2019-05-03T16:07:50.403Z",
    "name": "kidal",
    "description": "",
    "voice_label": null
  }
},
{
  "model": "service_development.voiceservicesubelement",
  "pk": 50,
  "fields": {
    "service": 2,
    "creation_date": "2019-05-03T16:07:50.405Z",
    "modification_date": "2019-05-03T16:07:50.405Z",
    "name": "koulikoro",
    "description": "",
    "voice_label": null
  }
},
{
  "model": "service_development.voiceservicesubelement",
  "pk": 51,
  "fields": {
    "service": 2,
    "creation_date": "2019-05-03T16:07:50.408Z",
    "modification_date": "2019-05-03T16:07:50.408Z",
    "name": "menaka",
    "description": "",
    "voice_label": null
  }
},
{
  "model": "service_development.voiceservicesubelement",
  "pk": 52,
  "fields": {
    "service": 2,
    "creation_date": "2019-05-03T16:07:50.410Z",
    "modification_date": "2019-05-03T16:07:50.410Z",
    "name": "mopti",
    "description": "",
    "voice_label": null
  }
},
{
  "model": "service_development.voiceservicesubelement",
  "pk": 53,
  "fields": {
    "service": 2,
    "creation_date": "2019-05-03T16:07:50.412Z",
    "modification_date": "2019-05-03T16:07:50.412Z",
    "name": "segou",
    "description": "",
    "voice_label": null
  }
},
{
  "model": "service_development.voiceservicesubelement",
  "pk": 54,
  "fields": {
    "service": 2,
    "creation_date": "2019-05-03T16:07:50.413Z",
    "modification_date": "2019-05-03T16:07:50.414Z",
    "name": "sikasso",
    "description": "",
    "voice_label": null
  }
},
{
  "model": "service_development.voiceservicesubelement",
  "pk": 55,
  "fields": {
    "service": 2,
    "creation_date": "2019-05-03T16:07:50.415Z",
    "modification_date": "2019-05-03T16:07:50.415Z",
    "name": "taoudenit",
    "description": "",
    "voice_label": null
  }
},
{
  "model": "service_development.voiceservicesubelement",
  "pk": 56,
  "fields": {
    "service": 2,
    "creation_date": "2019-05-03T16:07:50.419Z",
    "modification_date": "2019-05-03T16:07:50.420Z",
    "name": "tombouctou",
    "description": "",
    "voice_label": null
  }
},
{
  "model": "service_development.voiceservicesubelement",
  "pk": 57,
  "fields": {
    "service": 2,
    "creation_date": "2019-05-03T16:10:01.465Z",
    "modification_date": "2019-05-03T16:10:01.465Z",
    "name": "choice_region_storage",
    "description": "",
    "voice_label": null
  }
},
{
  "model": "service_development.voiceservicesubelement",
  "pk": 58,
  "fields": {
    "service": 2,
    "creation_date": "2019-05-03T16:10:01.471Z",
    "modification_date": "2019-05-03T16:10:01.471Z",
    "name": "gao",
    "description": "",
    "voice_label": null
  }
},
{
  "model": "service_development.voiceservicesubelement",
  "pk": 59,
  "fields": {
    "service": 2,
    "creation_date": "2019-05-03T16:10:01.473Z",
    "modification_date": "2019-05-03T16:10:01.473Z",
    "name": "kayes",
    "description": "",
    "voice_label": null
  }
},
{
  "model": "service_development.voiceservicesubelement",
  "pk": 60,
  "fields": {
    "service": 2,
    "creation_date": "2019-05-03T16:10:01.476Z",
    "modification_date": "2019-05-03T16:10:01.476Z",
    "name": "kidal",
    "description": "",
    "voice_label": null
  }
},
{
  "model": "service_development.voiceservicesubelement",
  "pk": 61,
  "fields": {
    "service": 2,
    "creation_date": "2019-05-03T16:10:01.478Z",
    "modification_date": "2019-05-03T16:10:01.478Z",
    "name": "koulikoro",
    "description": "",
    "voice_label": null
  }
},
{
  "model": "service_development.voiceservicesubelement",
  "pk": 62,
  "fields": {
    "service": 2,
    "creation_date": "2019-05-03T16:10:01.479Z",
    "modification_date": "2019-05-03T16:10:01.479Z",
    "name": "menaka",
    "description": "",
    "voice_label": null
  }
},
{
  "model": "service_development.voiceservicesubelement",
  "pk": 63,
  "fields": {
    "service": 2,
    "creation_date": "2019-05-03T16:10:01.481Z",
    "modification_date": "2019-05-03T16:10:01.481Z",
    "name": "mopti",
    "description": "",
    "voice_label": null
  }
},
{
  "model": "service_development.voiceservicesubelement",
  "pk": 64,
  "fields": {
    "service": 2,
    "creation_date": "2019-05-03T16:10:01.484Z",
    "modification_date": "2019-05-03T16:10:01.484Z",
    "name": "segou",
    "description": "",
    "voice_label": null
  }
},
{
  "model": "service_development.voiceservicesubelement",
  "pk": 65,
  "fields": {
    "service": 2,
    "creation_date": "2019-05-03T16:10:01.487Z",
    "modification_date": "2019-05-03T16:10:01.487Z",
    "name": "sikasso",
    "description": "",
    "voice_label": null
  }
},
{
  "model": "service_development.voiceservicesubelement",
  "pk": 66,
  "fields": {
    "service": 2,
    "creation_date": "2019-05-03T16:10:01.489Z",
    "modification_date": "2019-05-03T16:10:01.489Z",
    "name": "taoudenit",
    "description": "",
    "voice_label": null
  }
},
{
  "model": "service_development.voiceservicesubelement",
  "pk": 67,
  "fields": {
    "service": 2,
    "creation_date": "2019-05-03T16:10:01.492Z",
    "modification_date": "2019-05-03T16:10:01.492Z",
    "name": "tombouctou",
    "description": "",
    "voice_label": null
  }
},
{
  "model": "service_development.voiceservicesubelement",
  "pk": 68,
  "fields": {
    "service": 2,
    "creation_date": "2019-05-06T11:54:10.267Z",
    "modification_date": "2019-05-06T12:34:22.136Z",
    "name": "choose_offer_request",
    "description": "",
    "voice_label": null
  }
},
{
  "model": "service_development.voiceservicesubelement",
  "pk": 69,
  "fields": {
    "service": 2,
    "creation_date": "2019-05-06T11:54:10.279Z",
    "modification_date": "2019-05-06T12:34:22.142Z",
    "name": "request",
    "description": "",
    "voice_label": null
  }
},
{
  "model": "service_development.voiceservicesubelement",
  "pk": 70,
  "fields": {
    "service": 2,
    "creation_date": "2019-05-06T11:54:10.286Z",
    "modification_date": "2019-05-06T12:34:22.145Z",
    "name": "offer",
    "description": "",
    "voice_label": null
  }
},
{
  "model": "service_development.voiceserviceelement",
  "pk": 2,
  "fields": {}
},
{
  "model": "service_development.voiceserviceelement",
  "pk": 5,
  "fields": {}
},
{
  "model": "service_development.voiceserviceelement",
  "pk": 6,
  "fields": {}
},
{
  "model": "service_development.voiceserviceelement",
  "pk": 7,
  "fields": {}
},
{
  "model": "service_development.voiceserviceelement",
  "pk": 8,
  "fields": {}
},
{
  "model": "service_development.voiceserviceelement",
  "pk": 9,
  "fields": {}
},
{
  "model": "service_development.voiceserviceelement",
  "pk": 10,
  "fields": {}
},
{
  "model": "service_development.voiceserviceelement",
  "pk": 14,
  "fields": {}
},
{
  "model": "service_development.voiceserviceelement",
  "pk": 17,
  "fields": {}
},
{
  "model": "service_development.voiceserviceelement",
  "pk": 20,
  "fields": {}
},
{
  "model": "service_development.voiceserviceelement",
  "pk": 23,
  "fields": {}
},
{
  "model": "service_development.voiceserviceelement",
  "pk": 27,
  "fields": {}
},
{
  "model": "service_development.voiceserviceelement",
  "pk": 31,
  "fields": {}
},
{
  "model": "service_development.voiceserviceelement",
  "pk": 35,
  "fields": {}
},
{
  "model": "service_development.voiceserviceelement",
  "pk": 46,
  "fields": {}
},
{
  "model": "service_development.voiceserviceelement",
  "pk": 57,
  "fields": {}
},
{
  "model": "service_development.voiceserviceelement",
  "pk": 68,
  "fields": {}
},
{
  "model": "service_development.voiceservice",
  "pk": 1,
  "fields": {
    "name": "King's truth checker",
    "description": "Checks the user's knowledge about the king of the Netherlands",
    "creation_date": "2017-04-23T19:23:52.392Z",
    "modification_date": "2019-05-01T09:58:42.837Z",
    "active": true,
    "_start_element": 2,
    "registration": "preferred",
    "registration_language": true,
    "registration_name": false,
    "supported_languages": [
      1,
      2,
      3
    ]
  }
},
{
  "model": "service_development.voiceservice",
  "pk": 2,
  "fields": {
    "name": "Shariculture",
    "description": "Sharing platform",
    "creation_date": "2019-05-01T12:10:48.511Z",
    "modification_date": "2019-05-01T15:40:08.260Z",
    "active": true,
    "_start_element": 8,
    "registration": "preferred",
    "registration_language": true,
    "registration_name": false,
    "supported_languages": [
      2,
      3
    ]
  }
},
{
  "model": "service_development.voiceservice",
  "pk": 3,
  "fields": {
    "name": "test",
    "description": "This is a test",
    "creation_date": "2019-05-06T09:42:16.415Z",
    "modification_date": "2019-05-06T09:42:16.415Z",
    "active": false,
    "_start_element": null,
    "registration": "preferred",
    "registration_language": true,
    "registration_name": false,
    "supported_languages": []
  }
},
{
  "model": "service_development.kasadakauser",
  "pk": 1,
  "fields": {
    "caller_id": "456",
    "first_name": "Henk",
    "last_name": "Ernia",
    "creation_date": "2018-02-02T11:10:27.670Z",
    "modification_date": "2018-02-12T14:44:24.019Z",
    "language": 1,
    "service": 1
  }
},
{
  "model": "service_development.kasadakauser",
  "pk": 2,
  "fields": {
    "caller_id": "123",
    "first_name": "lucas",
    "last_name": "",
    "creation_date": "2019-05-01T16:29:28.898Z",
    "modification_date": "2019-05-01T16:29:28.898Z",
    "language": 2,
    "service": 2
  }
},
{
  "model": "service_development.kasadakauser",
  "pk": 3,
  "fields": {
    "caller_id": "234",
    "first_name": "suus",
    "last_name": "",
    "creation_date": "2019-05-01T16:29:48.216Z",
    "modification_date": "2019-05-01T16:29:48.216Z",
    "language": 3,
    "service": 2
  }
},
{
  "model": "service_development.kasadakauser",
  "pk": 4,
  "fields": {
    "caller_id": "124",
    "first_name": "rens",
    "last_name": "",
    "creation_date": "2019-05-01T16:30:02.357Z",
    "modification_date": "2019-05-01T16:30:02.357Z",
    "language": 2,
    "service": 2
  }
},
{
  "model": "service_development.product",
  "pk": 1,
  "fields": {
    "product_name": "Milling Devices",
    "voice_label": 111
  }
},
{
  "model": "service_development.region",
  "pk": 1,
  "fields": {
    "region_name": "Gao",
    "voice_label": 138
  }
},
{
  "model": "service_development.callsession",
  "pk": 1,
  "fields": {
    "start": "2019-05-01T09:55:43.899Z",
    "end": "2019-05-20T09:38:11.131Z",
    "user": null,
    "caller_id": "1234",
    "service": 1,
    "_language": null,
    "_region": 1,
    "_product": null
  }
},
{
  "model": "service_development.callsession",
  "pk": 2,
  "fields": {
    "start": "2019-05-01T09:55:54.963Z",
    "end": "2019-05-20T09:38:29.996Z",
    "user": null,
    "caller_id": "1234",
    "service": 1,
    "_language": null,
    "_region": null,
    "_product": null
  }
},
{
  "model": "service_development.callsession",
  "pk": 3,
  "fields": {
    "start": "2019-05-01T09:56:31.300Z",
    "end": null,
    "user": null,
    "caller_id": "1",
    "service": 1,
    "_language": null,
    "_region": null,
    "_product": null
  }
},
{
  "model": "service_development.callsession",
  "pk": 4,
  "fields": {
    "start": "2019-05-01T09:57:06.336Z",
    "end": null,
    "user": null,
    "caller_id": "123",
    "service": 1,
    "_language": null,
    "_region": null,
    "_product": null
  }
},
{
  "model": "service_development.callsession",
  "pk": 5,
  "fields": {
    "start": "2019-05-01T09:58:53.941Z",
    "end": null,
    "user": null,
    "caller_id": "1234",
    "service": 1,
    "_language": null,
    "_region": null,
    "_product": null
  }
},
{
  "model": "service_development.callsession",
  "pk": 6,
  "fields": {
    "start": "2019-05-01T09:59:05.219Z",
    "end": null,
    "user": null,
    "caller_id": null,
    "service": 1,
    "_language": null,
    "_region": null,
    "_product": null
  }
},
{
  "model": "service_development.callsession",
  "pk": 7,
  "fields": {
    "start": "2019-05-01T10:12:08.952Z",
    "end": null,
    "user": null,
    "caller_id": null,
    "service": 1,
    "_language": null,
    "_region": null,
    "_product": null
  }
},
{
  "model": "service_development.callsession",
  "pk": 8,
  "fields": {
    "start": "2019-05-01T10:19:15.293Z",
    "end": null,
    "user": null,
    "caller_id": null,
    "service": 1,
    "_language": null,
    "_region": null,
    "_product": null
  }
},
{
  "model": "service_development.callsession",
  "pk": 9,
  "fields": {
    "start": "2019-05-01T10:19:20.765Z",
    "end": null,
    "user": null,
    "caller_id": null,
    "service": 1,
    "_language": null,
    "_region": null,
    "_product": null
  }
},
{
  "model": "service_development.callsession",
  "pk": 10,
  "fields": {
    "start": "2019-05-01T10:19:31.355Z",
    "end": null,
    "user": null,
    "caller_id": null,
    "service": 1,
    "_language": null,
    "_region": null,
    "_product": null
  }
},
{
  "model": "service_development.callsession",
  "pk": 11,
  "fields": {
    "start": "2019-05-01T10:19:46.762Z",
    "end": null,
    "user": null,
    "caller_id": "123",
    "service": 1,
    "_language": null,
    "_region": null,
    "_product": null
  }
},
{
  "model": "service_development.callsession",
  "pk": 12,
  "fields": {
    "start": "2019-05-01T10:20:37.345Z",
    "end": null,
    "user": null,
    "caller_id": "234",
    "service": 1,
    "_language": null,
    "_region": null,
    "_product": null
  }
},
{
  "model": "service_development.callsession",
  "pk": 13,
  "fields": {
    "start": "2019-05-01T10:20:37.413Z",
    "end": null,
    "user": null,
    "caller_id": "234",
    "service": 1,
    "_language": null,
    "_region": null,
    "_product": null
  }
},
{
  "model": "service_development.callsession",
  "pk": 14,
  "fields": {
    "start": "2019-05-01T11:32:50.826Z",
    "end": null,
    "user": null,
    "caller_id": null,
    "service": 1,
    "_language": null,
    "_region": null,
    "_product": null
  }
},
{
  "model": "service_development.callsession",
  "pk": 15,
  "fields": {
    "start": "2019-05-01T11:33:29.368Z",
    "end": null,
    "user": 1,
    "caller_id": "456",
    "service": 1,
    "_language": 1,
    "_region": null,
    "_product": null
  }
},
{
  "model": "service_development.callsession",
  "pk": 16,
  "fields": {
    "start": "2019-05-01T11:33:34.401Z",
    "end": "2019-05-01T11:38:50.565Z",
    "user": 1,
    "caller_id": "456",
    "service": 1,
    "_language": 1,
    "_region": null,
    "_product": null
  }
},
{
  "model": "service_development.callsession",
  "pk": 17,
  "fields": {
    "start": "2019-05-01T11:34:18.910Z",
    "end": null,
    "user": null,
    "caller_id": null,
    "service": 1,
    "_language": null,
    "_region": null,
    "_product": null
  }
},
{
  "model": "service_development.callsession",
  "pk": 18,
  "fields": {
    "start": "2019-05-01T11:34:34.893Z",
    "end": null,
    "user": null,
    "caller_id": null,
    "service": 1,
    "_language": null,
    "_region": null,
    "_product": null
  }
},
{
  "model": "service_development.callsession",
  "pk": 19,
  "fields": {
    "start": "2019-05-01T11:34:49.910Z",
    "end": null,
    "user": null,
    "caller_id": null,
    "service": 1,
    "_language": null,
    "_region": null,
    "_product": null
  }
},
{
  "model": "service_development.callsession",
  "pk": 20,
  "fields": {
    "start": "2019-05-01T11:35:33.350Z",
    "end": null,
    "user": null,
    "caller_id": null,
    "service": 1,
    "_language": null,
    "_region": null,
    "_product": null
  }
},
{
  "model": "service_development.callsession",
  "pk": 21,
  "fields": {
    "start": "2019-05-01T11:35:47.633Z",
    "end": null,
    "user": null,
    "caller_id": null,
    "service": 1,
    "_language": null,
    "_region": null,
    "_product": null
  }
},
{
  "model": "service_development.callsession",
  "pk": 22,
  "fields": {
    "start": "2019-05-01T11:36:38.949Z",
    "end": null,
    "user": null,
    "caller_id": null,
    "service": 1,
    "_language": null,
    "_region": null,
    "_product": null
  }
},
{
  "model": "service_development.callsession",
  "pk": 23,
  "fields": {
    "start": "2019-05-01T11:36:47.957Z",
    "end": null,
    "user": null,
    "caller_id": null,
    "service": 1,
    "_language": null,
    "_region": null,
    "_product": null
  }
},
{
  "model": "service_development.callsession",
  "pk": 24,
  "fields": {
    "start": "2019-05-01T11:37:04.528Z",
    "end": null,
    "user": null,
    "caller_id": null,
    "service": 1,
    "_language": null,
    "_region": null,
    "_product": null
  }
},
{
  "model": "service_development.callsession",
  "pk": 25,
  "fields": {
    "start": "2019-05-01T11:37:13.976Z",
    "end": null,
    "user": null,
    "caller_id": null,
    "service": 1,
    "_language": null,
    "_region": null,
    "_product": null
  }
},
{
  "model": "service_development.callsession",
  "pk": 26,
  "fields": {
    "start": "2019-05-01T11:37:30.204Z",
    "end": null,
    "user": null,
    "caller_id": null,
    "service": 1,
    "_language": null,
    "_region": null,
    "_product": null
  }
},
{
  "model": "service_development.callsession",
  "pk": 27,
  "fields": {
    "start": "2019-05-01T11:37:57.228Z",
    "end": null,
    "user": null,
    "caller_id": null,
    "service": 1,
    "_language": null,
    "_region": null,
    "_product": null
  }
},
{
  "model": "service_development.callsession",
  "pk": 28,
  "fields": {
    "start": "2019-05-01T11:38:00.742Z",
    "end": null,
    "user": null,
    "caller_id": null,
    "service": 1,
    "_language": null,
    "_region": null,
    "_product": null
  }
},
{
  "model": "service_development.callsession",
  "pk": 29,
  "fields": {
    "start": "2019-05-01T11:38:07.443Z",
    "end": null,
    "user": null,
    "caller_id": null,
    "service": 1,
    "_language": null,
    "_region": null,
    "_product": null
  }
},
{
  "model": "service_development.callsession",
  "pk": 30,
  "fields": {
    "start": "2019-05-01T11:38:10.266Z",
    "end": null,
    "user": null,
    "caller_id": null,
    "service": 1,
    "_language": null,
    "_region": null,
    "_product": null
  }
},
{
  "model": "service_development.callsession",
  "pk": 31,
  "fields": {
    "start": "2019-05-01T11:38:22.978Z",
    "end": null,
    "user": null,
    "caller_id": null,
    "service": 1,
    "_language": null,
    "_region": null,
    "_product": null
  }
},
{
  "model": "service_development.callsession",
  "pk": 32,
  "fields": {
    "start": "2019-05-01T16:03:22.639Z",
    "end": null,
    "user": null,
    "caller_id": null,
    "service": 2,
    "_language": null,
    "_region": null,
    "_product": null
  }
},
{
  "model": "service_development.callsession",
  "pk": 33,
  "fields": {
    "start": "2019-05-13T12:57:30.689Z",
    "end": "2019-05-15T15:33:42.529Z",
    "user": 2,
    "caller_id": "123",
    "service": 2,
    "_language": 2,
    "_region": 1,
    "_product": 1
  }
},
{
  "model": "service_development.callsession",
  "pk": 34,
  "fields": {
    "start": "2019-05-13T12:57:32.681Z",
    "end": null,
    "user": 2,
    "caller_id": "123",
    "service": 2,
    "_language": 2,
    "_region": null,
    "_product": null
  }
},
{
  "model": "service_development.callsession",
  "pk": 35,
  "fields": {
    "start": "2019-05-13T12:57:43.925Z",
    "end": null,
    "user": 2,
    "caller_id": "123",
    "service": 2,
    "_language": 2,
    "_region": null,
    "_product": null
  }
},
{
  "model": "service_development.callsession",
  "pk": 36,
  "fields": {
    "start": "2019-05-13T12:57:54.297Z",
    "end": null,
    "user": 2,
    "caller_id": "123",
    "service": 2,
    "_language": 2,
    "_region": null,
    "_product": null
  }
},
{
  "model": "service_development.callsession",
  "pk": 37,
  "fields": {
    "start": "2019-05-13T12:58:04.408Z",
    "end": null,
    "user": null,
    "caller_id": null,
    "service": 2,
    "_language": null,
    "_region": null,
    "_product": null
  }
},
{
  "model": "service_development.callsession",
  "pk": 38,
  "fields": {
    "start": "2019-05-13T12:58:05.466Z",
    "end": null,
    "user": null,
    "caller_id": null,
    "service": 2,
    "_language": null,
    "_region": null,
    "_product": null
  }
},
{
  "model": "service_development.callsession",
  "pk": 39,
  "fields": {
    "start": "2019-05-13T12:59:28.782Z",
    "end": null,
    "user": 2,
    "caller_id": "123",
    "service": 2,
    "_language": 2,
    "_region": null,
    "_product": null
  }
},
{
  "model": "service_development.callsession",
  "pk": 40,
  "fields": {
    "start": "2019-05-13T12:59:39.101Z",
    "end": null,
    "user": 2,
    "caller_id": "123",
    "service": 2,
    "_language": 2,
    "_region": null,
    "_product": null
  }
},
{
  "model": "service_development.callsession",
  "pk": 41,
  "fields": {
    "start": "2019-05-13T13:00:24.749Z",
    "end": null,
    "user": 2,
    "caller_id": "123",
    "service": 2,
    "_language": 2,
    "_region": null,
    "_product": null
  }
},
{
  "model": "service_development.callsession",
  "pk": 42,
  "fields": {
    "start": "2019-05-13T13:02:03.144Z",
    "end": null,
    "user": null,
    "caller_id": null,
    "service": 1,
    "_language": null,
    "_region": null,
    "_product": null
  }
},
{
  "model": "service_development.callsession",
  "pk": 43,
  "fields": {
    "start": "2019-05-13T13:02:14.466Z",
    "end": null,
    "user": null,
    "caller_id": "1234",
    "service": 1,
    "_language": null,
    "_region": null,
    "_product": null
  }
},
{
  "model": "service_development.callsession",
  "pk": 44,
  "fields": {
    "start": "2019-05-13T13:02:33.831Z",
    "end": "2019-05-13T13:07:27.212Z",
    "user": 1,
    "caller_id": "456",
    "service": 1,
    "_language": 1,
    "_region": null,
    "_product": null
  }
},
{
  "model": "service_development.callsession",
  "pk": 45,
  "fields": {
    "start": "2019-05-13T13:02:44.558Z",
    "end": null,
    "user": 1,
    "caller_id": "456",
    "service": 1,
    "_language": 1,
    "_region": null,
    "_product": null
  }
},
{
  "model": "service_development.callsession",
  "pk": 46,
  "fields": {
    "start": "2019-05-13T13:03:12.711Z",
    "end": null,
    "user": 1,
    "caller_id": "456",
    "service": 1,
    "_language": 1,
    "_region": null,
    "_product": null
  }
},
{
  "model": "service_development.callsession",
  "pk": 47,
  "fields": {
    "start": "2019-05-13T13:03:47.188Z",
    "end": "2019-05-15T15:34:26.021Z",
    "user": 1,
    "caller_id": "456",
    "service": 1,
    "_language": 1,
    "_region": null,
    "_product": null
  }
},
{
  "model": "service_development.callsession",
  "pk": 48,
  "fields": {
    "start": "2019-05-13T13:04:22.694Z",
    "end": null,
    "user": 1,
    "caller_id": "456",
    "service": 1,
    "_language": 1,
    "_region": null,
    "_product": null
  }
},
{
  "model": "service_development.callsession",
  "pk": 49,
  "fields": {
    "start": "2019-05-13T13:04:29.181Z",
    "end": null,
    "user": 1,
    "caller_id": "456",
    "service": 1,
    "_language": 1,
    "_region": null,
    "_product": null
  }
},
{
  "model": "service_development.callsession",
  "pk": 50,
  "fields": {
    "start": "2019-05-13T13:05:15.680Z",
    "end": null,
    "user": 1,
    "caller_id": "456",
    "service": 1,
    "_language": 1,
    "_region": null,
    "_product": null
  }
},
{
  "model": "service_development.callsession",
  "pk": 51,
  "fields": {
    "start": "2019-05-13T13:05:21.544Z",
    "end": null,
    "user": 1,
    "caller_id": "456",
    "service": 1,
    "_language": 1,
    "_region": null,
    "_product": null
  }
},
{
  "model": "service_development.callsession",
  "pk": 52,
  "fields": {
    "start": "2019-05-13T13:05:25.951Z",
    "end": null,
    "user": 1,
    "caller_id": "456",
    "service": 1,
    "_language": 1,
    "_region": null,
    "_product": null
  }
},
{
  "model": "service_development.callsession",
  "pk": 53,
  "fields": {
    "start": "2019-05-13T13:05:29.806Z",
    "end": null,
    "user": null,
    "caller_id": "123",
    "service": 1,
    "_language": null,
    "_region": null,
    "_product": null
  }
},
{
  "model": "service_development.callsession",
  "pk": 54,
  "fields": {
    "start": "2019-05-15T14:52:32.954Z",
    "end": "2019-05-15T14:54:16.114Z",
    "user": null,
    "caller_id": "0612973758",
    "service": null,
    "_language": null,
    "_region": 1,
    "_product": 1
  }
},
{
  "model": "service_development.callsessionstep",
  "pk": 1,
  "fields": {
    "time": "2019-05-01T11:33:34.478Z",
    "session": 16,
    "_visited_element": 2,
    "description": null
  }
},
{
  "model": "service_development.callsessionstep",
  "pk": 2,
  "fields": {
    "time": "2019-05-01T11:36:00.992Z",
    "session": 16,
    "_visited_element": 2,
    "description": null
  }
},
{
  "model": "service_development.callsessionstep",
  "pk": 3,
  "fields": {
    "time": "2019-05-01T11:36:23.726Z",
    "session": 16,
    "_visited_element": 2,
    "description": null
  }
},
{
  "model": "service_development.callsessionstep",
  "pk": 4,
  "fields": {
    "time": "2019-05-01T11:38:50.579Z",
    "session": 16,
    "_visited_element": 2,
    "description": null
  }
},
{
  "model": "service_development.callsessionstep",
  "pk": 5,
  "fields": {
    "time": "2019-05-13T13:02:33.930Z",
    "session": 44,
    "_visited_element": 2,
    "description": null
  }
},
{
  "model": "service_development.callsessionstep",
  "pk": 6,
  "fields": {
    "time": "2019-05-13T13:07:27.239Z",
    "session": 44,
    "_visited_element": 2,
    "description": null
  }
},
{
  "model": "service_development.callsessionstep",
  "pk": 7,
  "fields": {
    "time": "2019-05-15T13:56:37.700Z",
    "session": 1,
    "_visited_element": null,
    "description": "Showing offer 1"
  }
},
{
  "model": "service_development.callsessionstep",
  "pk": 8,
  "fields": {
    "time": "2019-05-15T14:08:29.929Z",
    "session": 1,
    "_visited_element": null,
    "description": "Showing offer 1"
  }
},
{
  "model": "service_development.callsessionstep",
  "pk": 9,
  "fields": {
    "time": "2019-05-15T14:09:11.345Z",
    "session": 1,
    "_visited_element": null,
    "description": "Showed the offers"
  }
},
{
  "model": "service_development.callsessionstep",
  "pk": 10,
  "fields": {
    "time": "2019-05-15T14:11:01.613Z",
    "session": 1,
    "_visited_element": null,
    "description": "Showing offer 1"
  }
},
{
  "model": "service_development.callsessionstep",
  "pk": 11,
  "fields": {
    "time": "2019-05-15T14:20:54.340Z",
    "session": 1,
    "_visited_element": null,
    "description": "Showing offer 1"
  }
},
{
  "model": "service_development.callsessionstep",
  "pk": 12,
  "fields": {
    "time": "2019-05-15T14:21:31.169Z",
    "session": 1,
    "_visited_element": null,
    "description": "Showing offer 1"
  }
},
{
  "model": "service_development.callsessionstep",
  "pk": 13,
  "fields": {
    "time": "2019-05-15T14:30:16.927Z",
    "session": 1,
    "_visited_element": null,
    "description": "Showing offer 1"
  }
},
{
  "model": "service_development.callsessionstep",
  "pk": 14,
  "fields": {
    "time": "2019-05-15T14:31:40.516Z",
    "session": 1,
    "_visited_element": null,
    "description": "Showing offer 1"
  }
},
{
  "model": "service_development.callsessionstep",
  "pk": 15,
  "fields": {
    "time": "2019-05-15T14:33:26.298Z",
    "session": 1,
    "_visited_element": null,
    "description": "Showing offer 1"
  }
},
{
  "model": "service_development.callsessionstep",
  "pk": 16,
  "fields": {
    "time": "2019-05-15T14:34:44.641Z",
    "session": 1,
    "_visited_element": null,
    "description": "Showing offer 1"
  }
},
{
  "model": "service_development.callsessionstep",
  "pk": 17,
  "fields": {
    "time": "2019-05-15T14:35:47.571Z",
    "session": 1,
    "_visited_element": null,
    "description": "Showing offer 1"
  }
},
{
  "model": "service_development.callsessionstep",
  "pk": 18,
  "fields": {
    "time": "2019-05-15T14:38:49.982Z",
    "session": 1,
    "_visited_element": null,
    "description": "Showing offer 1"
  }
},
{
  "model": "service_development.choice",
  "pk": 2,
  "fields": {}
},
{
  "model": "service_development.choice",
  "pk": 10,
  "fields": {}
},
{
  "model": "service_development.choice",
  "pk": 14,
  "fields": {}
},
{
  "model": "service_development.choice",
  "pk": 17,
  "fields": {}
},
{
  "model": "service_development.choice",
  "pk": 20,
  "fields": {}
},
{
  "model": "service_development.choice",
  "pk": 23,
  "fields": {}
},
{
  "model": "service_development.choice",
  "pk": 27,
  "fields": {}
},
{
  "model": "service_development.choice",
  "pk": 31,
  "fields": {}
},
{
  "model": "service_development.choice",
  "pk": 35,
  "fields": {}
},
{
  "model": "service_development.choice",
  "pk": 46,
  "fields": {}
},
{
  "model": "service_development.choice",
  "pk": 57,
  "fields": {}
},
{
  "model": "service_development.choice",
  "pk": 68,
  "fields": {}
},
{
  "model": "service_development.choiceoption",
  "pk": 3,
  "fields": {
    "parent": 2,
    "_redirect": 5
  }
},
{
  "model": "service_development.choiceoption",
  "pk": 4,
  "fields": {
    "parent": 2,
    "_redirect": 7
  }
},
{
  "model": "service_development.choiceoption",
  "pk": 11,
  "fields": {
    "parent": 10,
    "_redirect": 14
  }
},
{
  "model": "service_development.choiceoption",
  "pk": 12,
  "fields": {
    "parent": 10,
    "_redirect": 27
  }
},
{
  "model": "service_development.choiceoption",
  "pk": 13,
  "fields": {
    "parent": 10,
    "_redirect": 20
  }
},
{
  "model": "service_development.choiceoption",
  "pk": 15,
  "fields": {
    "parent": 14,
    "_redirect": 35
  }
},
{
  "model": "service_development.choiceoption",
  "pk": 16,
  "fields": {
    "parent": 14,
    "_redirect": 10
  }
},
{
  "model": "service_development.choiceoption",
  "pk": 18,
  "fields": {
    "parent": 17,
    "_redirect": 46
  }
},
{
  "model": "service_development.choiceoption",
  "pk": 19,
  "fields": {
    "parent": 17,
    "_redirect": 10
  }
},
{
  "model": "service_development.choiceoption",
  "pk": 21,
  "fields": {
    "parent": 20,
    "_redirect": 57
  }
},
{
  "model": "service_development.choiceoption",
  "pk": 22,
  "fields": {
    "parent": 20,
    "_redirect": 10
  }
},
{
  "model": "service_development.choiceoption",
  "pk": 24,
  "fields": {
    "parent": 23,
    "_redirect": 9
  }
},
{
  "model": "service_development.choiceoption",
  "pk": 25,
  "fields": {
    "parent": 23,
    "_redirect": 9
  }
},
{
  "model": "service_development.choiceoption",
  "pk": 26,
  "fields": {
    "parent": 23,
    "_redirect": 9
  }
},
{
  "model": "service_development.choiceoption",
  "pk": 28,
  "fields": {
    "parent": 27,
    "_redirect": 9
  }
},
{
  "model": "service_development.choiceoption",
  "pk": 29,
  "fields": {
    "parent": 27,
    "_redirect": 9
  }
},
{
  "model": "service_development.choiceoption",
  "pk": 30,
  "fields": {
    "parent": 27,
    "_redirect": 9
  }
},
{
  "model": "service_development.choiceoption",
  "pk": 32,
  "fields": {
    "parent": 31,
    "_redirect": 9
  }
},
{
  "model": "service_development.choiceoption",
  "pk": 33,
  "fields": {
    "parent": 31,
    "_redirect": 9
  }
},
{
  "model": "service_development.choiceoption",
  "pk": 34,
  "fields": {
    "parent": 31,
    "_redirect": 9
  }
},
{
  "model": "service_development.choiceoption",
  "pk": 36,
  "fields": {
    "parent": 35,
    "_redirect": 23
  }
},
{
  "model": "service_development.choiceoption",
  "pk": 37,
  "fields": {
    "parent": 35,
    "_redirect": 23
  }
},
{
  "model": "service_development.choiceoption",
  "pk": 38,
  "fields": {
    "parent": 35,
    "_redirect": 23
  }
},
{
  "model": "service_development.choiceoption",
  "pk": 39,
  "fields": {
    "parent": 35,
    "_redirect": 23
  }
},
{
  "model": "service_development.choiceoption",
  "pk": 40,
  "fields": {
    "parent": 35,
    "_redirect": 23
  }
},
{
  "model": "service_development.choiceoption",
  "pk": 41,
  "fields": {
    "parent": 35,
    "_redirect": 23
  }
},
{
  "model": "service_development.choiceoption",
  "pk": 42,
  "fields": {
    "parent": 35,
    "_redirect": 23
  }
},
{
  "model": "service_development.choiceoption",
  "pk": 43,
  "fields": {
    "parent": 35,
    "_redirect": 23
  }
},
{
  "model": "service_development.choiceoption",
  "pk": 44,
  "fields": {
    "parent": 35,
    "_redirect": 23
  }
},
{
  "model": "service_development.choiceoption",
  "pk": 45,
  "fields": {
    "parent": 35,
    "_redirect": 23
  }
},
{
  "model": "service_development.choiceoption",
  "pk": 47,
  "fields": {
    "parent": 46,
    "_redirect": 27
  }
},
{
  "model": "service_development.choiceoption",
  "pk": 48,
  "fields": {
    "parent": 46,
    "_redirect": 27
  }
},
{
  "model": "service_development.choiceoption",
  "pk": 49,
  "fields": {
    "parent": 46,
    "_redirect": 27
  }
},
{
  "model": "service_development.choiceoption",
  "pk": 50,
  "fields": {
    "parent": 46,
    "_redirect": 27
  }
},
{
  "model": "service_development.choiceoption",
  "pk": 51,
  "fields": {
    "parent": 46,
    "_redirect": 27
  }
},
{
  "model": "service_development.choiceoption",
  "pk": 52,
  "fields": {
    "parent": 46,
    "_redirect": 27
  }
},
{
  "model": "service_development.choiceoption",
  "pk": 53,
  "fields": {
    "parent": 46,
    "_redirect": 27
  }
},
{
  "model": "service_development.choiceoption",
  "pk": 54,
  "fields": {
    "parent": 46,
    "_redirect": 27
  }
},
{
  "model": "service_development.choiceoption",
  "pk": 55,
  "fields": {
    "parent": 46,
    "_redirect": 27
  }
},
{
  "model": "service_development.choiceoption",
  "pk": 56,
  "fields": {
    "parent": 46,
    "_redirect": 27
  }
},
{
  "model": "service_development.choiceoption",
  "pk": 58,
  "fields": {
    "parent": 57,
    "_redirect": 31
  }
},
{
  "model": "service_development.choiceoption",
  "pk": 59,
  "fields": {
    "parent": 57,
    "_redirect": 31
  }
},
{
  "model": "service_development.choiceoption",
  "pk": 60,
  "fields": {
    "parent": 57,
    "_redirect": 31
  }
},
{
  "model": "service_development.choiceoption",
  "pk": 61,
  "fields": {
    "parent": 57,
    "_redirect": 31
  }
},
{
  "model": "service_development.choiceoption",
  "pk": 62,
  "fields": {
    "parent": 57,
    "_redirect": 31
  }
},
{
  "model": "service_development.choiceoption",
  "pk": 63,
  "fields": {
    "parent": 57,
    "_redirect": 31
  }
},
{
  "model": "service_development.choiceoption",
  "pk": 64,
  "fields": {
    "parent": 57,
    "_redirect": 31
  }
},
{
  "model": "service_development.choiceoption",
  "pk": 65,
  "fields": {
    "parent": 57,
    "_redirect": 31
  }
},
{
  "model": "service_development.choiceoption",
  "pk": 66,
  "fields": {
    "parent": 57,
    "_redirect": 31
  }
},
{
  "model": "service_development.choiceoption",
  "pk": 67,
  "fields": {
    "parent": 57,
    "_redirect": 31
  }
},
{
  "model": "service_development.choiceoption",
  "pk": 69,
  "fields": {
    "parent": 68,
    "_redirect": 10
  }
},
{
  "model": "service_development.choiceoption",
  "pk": 70,
  "fields": {
    "parent": 68,
    "_redirect": 10
  }
},
{
  "model": "service_development.messagepresentation",
  "pk": 5,
  "fields": {
    "final_element": false,
    "_redirect": 6
  }
},
{
  "model": "service_development.messagepresentation",
  "pk": 6,
  "fields": {
    "final_element": true,
    "_redirect": null
  }
},
{
  "model": "service_development.messagepresentation",
  "pk": 7,
  "fields": {
    "final_element": false,
    "_redirect": 6
  }
},
{
  "model": "service_development.messagepresentation",
  "pk": 8,
  "fields": {
    "final_element": false,
    "_redirect": 68
  }
},
{
  "model": "service_development.messagepresentation",
  "pk": 9,
  "fields": {
    "final_element": true,
    "_redirect": null
  }
},
{
  "model": "service_development.offer",
  "pk": 1,
  "fields": {
    "name": "Molen",
    "startdate": "2019-05-08",
    "enddate": "2019-05-22",
    "voice_label": 123,
    "product_type": 1,
    "region": 1,
    "user_id": 2
  }
},
{
  "model": "service_development.offer",
  "pk": 2,
  "fields": {
    "name": "Molen2.0",
    "startdate": "2019-05-13",
    "enddate": "2019-05-31",
    "voice_label": 124,
    "product_type": 1,
    "region": 1,
    "user_id": 2
  }
},
{
  "model": "service_development.offer",
  "pk": 3,
  "fields": {
    "name": "inactive_molen",
    "startdate": "2019-05-13",
    "enddate": "2019-05-13",
    "voice_label": 125,
    "product_type": 1,
    "region": 1,
    "user_id": 2
  }
}
]
